emp_no,birth_date,first_name,last_name,gender,hire_date
10001,19-02-1952,Debatosh,Khasidashvili,M,15-10-1992
10002,24-02-1952,Badri,Furudate,F,09-04-1994
10003,27-02-1952,Domenick,Peltason,M,27-04-1992
10004,07-04-1952,Eben,Aingworth,M,01-09-1991
10005,15-04-1952,Marc,Hellwagner,M,22-06-1988
10006,19-04-1952,Kyoichi,Maliniak,F,30-09-1988
10007,15-05-1952,Khalid,Erva,F,31-03-1989
10008,13-06-1952,Valery,Litvinov,M,20-11-1985
10009,29-06-1952,Adamantios,Portugali,F,23-03-1999
10010,08-07-1952,Magdalena,Eldridge,F,21-07-1988
10011,06-08-1952,Mingsen,Casley,F,19-01-1988
10012,29-08-1952,Shrikanth,Mahmud,M,10-04-1986
10013,17-09-1952,Armond,Fairtlough,M,22-12-1994
10014,13-11-1952,Ewing,Foong,M,01-06-1991
10015,24-12-1952,Hairong,Mellouli,M,04-10-1990
10016,07-01-1953,Xiadong,Perry,M,16-10-1985
10017,23-01-1953,Tommaso,Narwekar,F,29-01-1986
10018,08-02-1953,Georgi,Facello,F,26-01-1991
10019,03-04-1953,Zvonko,Nyanchama,M,15-02-1985
10020,06-04-1953,Perry,Shimshoni,M,03-04-1987
10021,15-04-1953,Hugo,Rosis,M,14-01-1990
10022,20-04-1953,Xuejia,Ullian,M,08-10-1985
10023,21-04-1953,Masaru,Cheshire,F,18-05-1988
10024,10-05-1953,Zhonghui,Zyda,F,24-02-1985
10025,20-05-1953,Herbert,Trachtenberg,M,02-09-1990
10026,28-05-1953,Xinyu,Warwick,M,14-10-1985
10027,16-07-1953,Lillian,Haddadi,F,21-09-1988
10028,28-07-1953,Sakthirel,Bakhtari,M,05-11-1986
10029,02-09-1953,Babette,Lamba,M,15-09-1994
10030,19-09-1953,Tzvetan,Hettesheimer,M,15-12-1985
10031,29-09-1953,Reuven,Garigliano,M,01-12-1986
10032,18-10-1953,Moss,Shanbhogue,F,21-09-1987
10033,07-11-1953,Florian,Syrotiuk,M,29-05-1991
10034,26-11-1953,Kazuhisa,Ranta,M,07-07-1989
10035,27-01-1954,Kazuhide,Peha,M,19-07-1989
10036,29-01-1954,Samphel,Siegrist,M,07-10-1986
10037,23-02-1954,Parto,Bamford,M,18-04-1987
10038,25-02-1954,Maren,Hutton,M,21-06-1988
10039,23-04-1954,Huan,Lortz,M,22-01-1990
10040,01-05-1954,Sumali,Fargier,F,26-02-1986
10041,30-05-1954,Mary,Sluis,F,21-05-1988
10042,19-06-1954,Sumant,Peac,F,25-02-1986
10043,07-08-1954,Otmar,Herbst,M,01-06-1987
10044,13-09-1954,Valdiodio,Niizuma,F,20-11-1985
10045,16-09-1954,Magy,Stamatiou,M,28-06-1988
10046,01-10-1954,Shahaf,Famili,M,21-08-1986
10047,17-10-1954,Khedija,Mitsuhashi,M,10-02-1989
10048,08-11-1954,Akemi,Birch,M,19-05-1997
10049,01-12-1954,Shahaf,Ishibashi,F,22-08-1986
10050,21-01-1955,Perla,Heyers,M,08-04-1987
10051,29-01-1955,Shigeu,Matzen,M,26-06-1986
10052,03-03-1955,Jayson,Mandell,M,12-11-1989
10053,24-04-1955,Brendon,Bernini,F,16-06-1993
10054,27-04-1955,Xinglin,Eugenio,M,14-10-1985
10055,20-08-1955,Serif,Buescher,M,28-08-1986
10056,26-08-1955,Miyeon,Macedo,F,11-01-1988
10057,28-08-1955,Saniya,Kalloufi,F,02-10-1986
10058,04-10-1955,Geraldo,Marwedel,M,19-12-1990
10059,12-11-1955,Premal,Baek,F,04-03-1987
10060,02-12-1955,Hironoby,Sidou,M,02-03-1990
10061,15-12-1955,Anneke,Preusig,M,10-10-1995
10062,19-01-1956,Remzi,Waschkowski,M,02-12-1986
10063,29-01-1956,Kiyotoshi,Blokdijk,F,30-01-1989
10064,12-02-1956,Bader,Swan,M,21-05-1994
10065,26-02-1956,Jaques,Munro,M,17-12-1989
10066,30-03-1956,Chenyi,Syang,M,14-02-1993
10067,25-05-1956,Erez,Ritzmann,M,26-06-1991
10068,06-06-1956,Heping,Nitsch,M,13-09-1990
10069,13-06-1956,Marla,Brendel,F,06-06-1988
10070,13-07-1956,Anoosh,Peyn,M,20-03-1995
10071,29-08-1956,Hinrich,Randi,M,28-05-1990
10072,14-11-1956,Kasturi,Jenevein,F,24-08-1989
10073,13-12-1956,Sampalli,Snedden,M,30-10-1986
10074,15-12-1956,Munir,Demeyer,F,27-08-1987
10075,23-12-1956,Florina,Eugenio,F,01-05-1991
10076,17-01-1957,Alejandro,McAlpine,F,06-07-1996
10077,24-01-1957,Mokhtar,Bernatsky,M,02-11-1987
10078,16-02-1957,Guoxiang,Nooteboom,F,26-10-1990
10079,07-03-1957,Claudi,Stavenow,F,28-12-1992
10080,11-03-1957,Ayakannu,Skrikant,M,30-10-1994
10081,25-03-1957,Dung,Baca,M,01-12-1991
10082,29-03-1957,Mayumi,Schueller,M,03-04-1988
10083,04-04-1957,Gao,Dolinsky,M,14-03-1991
10084,22-05-1957,Yongqiao,Berztiss,M,31-08-1985
10085,23-05-1957,Uri,Lenart,M,21-11-1985
10086,25-05-1957,Mohua,Falck,M,12-12-1987
10087,14-08-1957,Domenick,Tempesti,F,04-04-1992
10088,11-09-1957,Kayoko,Valtorta,F,22-07-1989
10089,13-09-1957,Dharmaraja,Stassinopoulos,F,17-07-1992
10090,04-10-1957,Chirstian,Koblick,M,15-01-1993
10091,05-10-1957,Shir,McClurg,M,23-06-1986
10092,03-12-1957,Margareta,Bierman,F,19-06-1988
10093,21-01-1958,Zdislav,Nastansky,M,13-05-1985
10094,15-02-1958,Giri,Isaak,F,05-12-1990
10095,19-02-1958,Deniz,Duclos,M,24-07-1992
10096,01-04-1958,Mihalis,Lowrie,M,10-02-1988
10097,21-05-1958,Nishit,Casperson,M,01-08-1987
10098,23-05-1958,Alain,Chappelet,F,05-11-1996
10099,06-07-1958,Kazuhito,Cappelletti,F,15-05-1989
10100,14-07-1958,Hilari,Morton,F,20-06-1990
10101,05-09-1958,Somnath,Foote,F,27-03-1986
10102,31-10-1958,Tzvetan,Zielinski,F,02-01-1986
10103,25-11-1958,Eberhardt,Terkki,M,30-08-1991
10104,12-01-1959,Gino,Leonhardt,M,12-12-1990
10105,27-01-1959,Zissis,Pintelas,M,18-02-1985
10106,06-03-1959,Patricio,Bridgland,M,13-04-1987
10107,07-04-1959,Udi,Jansch,F,10-12-1985
10108,07-04-1959,Duangkaew,Piveteau,M,15-01-1992
10109,08-04-1959,Syozo,Hiltgen,F,04-02-1986
10110,15-05-1959,Divier,Reistad,F,04-05-1992
10111,17-06-1959,Jungsoon,Syrzycki,F,22-09-1989
10112,23-07-1959,Annemarie,Redmiles,F,22-08-1995
10113,23-07-1959,Mayuko,Warwick,M,17-05-1988
10114,30-07-1959,Shaw,Wendorf,F,12-08-1986
10115,10-08-1959,Bezalel,Simmel,M,22-11-1993
10116,19-08-1959,Alejandro,Brender,F,11-08-1996
10117,27-08-1959,Moriyoshi,Merey,F,01-10-1987
10118,13-09-1959,Nigel,Aloisi,F,07-08-1987
10119,01-10-1959,Christ,Muchinsky,M,01-01-1993
10120,04-11-1959,Yucel,Auria,F,09-07-1985
10121,03-12-1959,Kshitij,Gils,M,14-01-1989
10122,05-12-1959,Sibyl,Nooteboom,M,28-03-1986
10123,07-12-1959,Subir,Baja,M,14-03-1986
10124,25-12-1959,Sailaja,Desikan,M,16-11-1986
10125,11-01-1960,Paraskevi,Luby,F,26-05-1987
10126,17-01-1960,Amabile,Gomatam,M,13-10-1995
10127,20-02-1960,Kendra,Hofting,F,03-05-1989
10128,09-03-1960,Jeong,Reistad,F,05-11-1989
10129,26-03-1960,Basil,Tramer,M,22-03-1994
10130,25-05-1960,Karsten,Szmurlo,M,20-09-1989
10131,16-06-1960,Vishv,Zockler,M,02-11-1985
10132,29-06-1960,Valter,Sullins,M,19-11-1985
10133,20-07-1960,Berhard,McFarlin,M,17-02-1994
10134,23-07-1960,Hironoby,Piveteau,M,16-02-1990
10135,09-08-1960,Itzchak,Lichtner,M,05-01-1990
10136,06-09-1960,Brendon,Lenart,M,06-05-1993
10137,16-09-1960,Adas,Nastansky,M,15-03-1998
10138,19-09-1960,Douadi,Azumi,M,21-03-1992
10139,03-10-1960,Zhongwei,Rosen,F,18-02-1985
10140,04-10-1960,Pradeep,Makrucki,F,31-03-1987
10141,01-12-1960,Suzette,Pettey,F,11-02-1986
10142,17-12-1960,Tse,Herber,M,27-01-1986
10143,04-02-1961,Kazuhito,Encarnacion,M,02-06-1989
10144,26-02-1961,Arif,Merlo,M,13-03-1995
10145,24-04-1961,Heekeun,Majewski,F,15-09-1990
10146,02-05-1961,Kasidit,Krzyzanowski,M,02-09-1989
10147,03-05-1961,Diederik,Siprelle,M,20-06-1992
10148,26-05-1961,Yinghua,Dredge,M,17-09-1985
10149,30-05-1961,Duro,Sidhu,F,22-10-1991
10150,16-07-1961,Ebbe,Callaway,F,05-09-1991
10151,01-09-1961,Mona,Azuma,M,29-10-1987
10152,14-09-1961,Bojan,Montemayor,F,28-10-1993
10153,21-09-1961,Georgy,Dredge,M,25-12-1990
10154,23-09-1961,Parviz,Lortz,F,16-04-1987
10155,05-10-1961,Mechthild,Bonifati,M,19-02-1988
10156,15-10-1961,Akemi,Esposito,M,29-04-1997
10157,24-10-1961,Arumugam,Ossenbruggen,M,17-11-1994
10158,02-11-1961,Breannda,Billingsley,M,03-08-1993
10159,19-11-1961,Pranav,Furedi,M,18-03-1987
10160,25-11-1961,Kenroku,Malabarba,M,08-04-1989
10161,31-12-1961,Jaewon,Syrzycki,F,03-01-1990
10162,05-02-1962,Pragnesh,Iisaka,M,19-03-1987
10163,12-05-1962,Lucien,Rosenbaum,M,05-09-1988
10164,23-05-1962,Arve,Fairtlough,M,16-11-1994
10165,10-07-1962,Jagoda,Braunmuhl,M,24-12-1989
10166,14-07-1962,Sreekrishna,Servieres,F,14-03-1986
10167,19-10-1962,Satosi,Awdeh,M,08-09-1986
10168,28-10-1962,Elvis,Demeyer,M,28-07-1991
10169,07-11-1962,Shigehito,Kropatsch,F,15-07-1986
10170,19-11-1962,Berni,Genin,F,26-01-1994
10171,26-11-1962,Lunjin,Giveon,M,02-09-1988
10172,29-12-1962,Yishay,Tzvieli,F,08-09-1985
10173,22-01-1963,Sanjiv,Zschoche,M,18-09-1986
10174,03-03-1963,Guoxiang,Ramsay,M,20-10-1990
10175,13-03-1963,Hisao,Lipner,F,01-02-1990
10176,21-03-1963,Weiyi,Meriste,F,20-10-1985
110022,14-04-1963,Sudharsan,Flasterstein,M,01-03-1986
110039,01-06-1963,Duangkaew,Rassart,M,03-01-1992
110085,07-06-1963,Ohad,Esposito,F,02-07-1987
110114,11-07-1963,Charlene,Brattka,M,21-03-1993
110183,22-07-1963,Karsten,Joslin,M,12-09-1989
110228,06-08-1963,Nathan,Monkewich,F,17-08-1987
110303,13-08-1963,Yuichiro,Swick,M,28-05-1985
110344,29-08-1963,Hironobu,Haraldson,M,10-04-1990
110386,09-09-1963,Chikara,Rissland,F,06-02-1993
110420,13-11-1963,Cristinel,Bouloucos,M,23-12-1992
110511,13-11-1963,Prasadram,Heyers,F,11-03-1987
110567,26-11-1963,Hidefumi,Caine,F,13-08-1990
110725,12-12-1963,Mariusz,Prampolini,M,13-06-1988
110765,18-04-1964,Dayanand,Czap,F,18-11-1992
110800,02-06-1964,Danel,Mondadori,M,18-12-1992
110854,11-06-1964,Josyula,Hofmeyr,M,05-10-1989
111035,11-09-1964,Ramzi,Erde,M,06-12-1986
111133,19-09-1964,Kwee,Schusler,F,18-10-1988
111400,13-10-1964,Abdulah,Thibadeau,M,30-04-1999
111534,18-10-1964,Vidya,Awdeh,M,12-11-1985
111692,11-12-1964,Tuval,Kalloufi,F,23-01-1986
111784,25-12-1964,Aleksandar,Ananiadou,M,15-12-1995
111877,03-01-1965,Zhenbing,Perng,M,10-03-1985
111939,19-01-1965,Armond,Peir,M,27-01-1995
